SNP_ID,REF_DEPTH,ALT_DEPTH,AF
snp_1,1129,902,0.4441
snp_2,1801,121,0.0630
snp_3,177,1833,0.9119
snp_4,981,1032,0.5127
snp_5,1915,134,0.0654
snp_6,928,1083,0.5385
snp_7,1002,946,0.4856
snp_8,0,1955,1.0000
snp_9,1080,908,0.4567
snp_10,1046,998,0.4883
snp_11,999,1057,0.5141
snp_12,0,1998,1.0000
snp_13,188,1840,0.9073
snp_14,1943,53,0.0266
snp_15,176,1783,0.9102
snp_16,1975,0,0.0000
snp_17,0,1995,1.0000
snp_18,853,1094,0.5619
snp_19,0,1944,1.0000
snp_20,1879,117,0.0586
snp_21,1016,986,0.4925
snp_22,1024,982,0.4895
snp_23,1868,43,0.0225
snp_24,852,1100,0.5635
snp_25,1967,38,0.0190
snp_26,1075,939,0.4662
snp_27,862,1116,0.5642
snp_28,151,1841,0.9242
snp_29,875,1096,0.5561
snp_30,858,1116,0.5653
snp_31,1861,192,0.0935
snp_32,987,949,0.4902
snp_33,2056,0,0.0000
snp_34,1126,864,0.4342
snp_35,48,1966,0.9762
snp_36,159,1838,0.9204
snp_37,140,1900,0.9314
snp_38,980,978,0.4995
snp_39,1114,872,0.4391
snp_40,1140,921,0.4469
snp_41,160,1916,0.9229
snp_42,1873,179,0.0872
snp_43,972,1050,0.5193
snp_44,1028,974,0.4865
snp_45,1942,151,0.0721
snp_46,960,1032,0.5181
snp_47,1161,935,0.4461
snp_48,60,2060,0.9717
snp_49,152,1910,0.9263
snp_50,1065,924,0.4646
snp_51,948,939,0.4976
snp_52,976,1055,0.5194
snp_53,0,1954,1.0000
snp_54,880,1169,0.5705
snp_55,0,2024,1.0000
snp_56,1002,907,0.4751
snp_57,933,1047,0.5288
snp_58,1135,857,0.4302
snp_59,1040,931,0.4723
snp_60,180,1920,0.9143
snp_61,1108,813,0.4232
snp_62,1847,181,0.0893
snp_63,161,1771,0.9167
snp_64,957,981,0.5062
snp_65,2002,0,0.0000
snp_66,1173,898,0.4336
snp_67,173,1873,0.9154
snp_68,1988,0,0.0000
snp_69,170,1790,0.9133
snp_70,879,1119,0.5601
snp_71,1836,170,0.0847
snp_72,1141,873,0.4335
snp_73,178,1810,0.9105
snp_74,1122,898,0.4446
snp_75,859,1123,0.5666
snp_76,1117,854,0.4333
snp_77,0,2005,1.0000
snp_78,885,1158,0.5668
snp_79,1160,908,0.4391
snp_80,1100,841,0.4333
snp_81,166,1762,0.9139
snp_82,0,1978,1.0000
snp_83,1119,848,0.4311
snp_84,1999,0,0.0000
snp_85,1145,869,0.4315
snp_86,1127,842,0.4276
snp_87,871,1124,0.5634
snp_88,1134,837,0.4247
snp_89,1988,0,0.0000
snp_90,849,1119,0.5686
snp_91,0,1951,1.0000
snp_92,162,1825,0.9185
snp_93,955,1025,0.5177
snp_94,1777,175,0.0897
snp_95,1091,810,0.4261
snp_96,178,1862,0.9127
snp_97,882,1115,0.5583
snp_98,2062,0,0.0000
snp_99,1810,161,0.0817
snp_100,1087,851,0.4391
snp_101,1013,964,0.4876
snp_102,1898,123,0.0609
snp_103,182,1794,0.9079
snp_104,815,1175,0.5905
snp_105,1859,138,0.0691
snp_106,1050,991,0.4855
snp_107,872,1127,0.5638
snp_108,0,1993,1.0000
snp_109,939,1092,0.5377
snp_110,1147,863,0.4294
snp_111,803,1160,0.5909
snp_112,0,1960,1.0000
snp_113,176,1880,0.9144
snp_114,1897,47,0.0242
snp_115,183,1860,0.9104
snp_116,2009,0,0.0000
snp_117,0,2081,1.0000
snp_118,962,952,0.4974
snp_119,0,1992,1.0000
snp_120,1925,141,0.0682
snp_121,1271,801,0.3866
snp_122,1142,880,0.4352
snp_123,2000,46,0.0225
snp_124,1023,977,0.4885
snp_125,1955,43,0.0215
snp_126,1145,859,0.4286
snp_127,988,934,0.4860
snp_128,118,1832,0.9395
snp_129,990,1012,0.5055
snp_130,1028,960,0.4829
snp_131,1807,173,0.0874
snp_132,885,1110,0.5564
snp_133,2025,0,0.0000
snp_134,1055,1032,0.4945
snp_135,50,1963,0.9752
snp_136,180,1834,0.9106
snp_137,136,1924,0.9340
snp_138,1122,878,0.4390
snp_139,983,1020,0.5092
snp_140,985,1005,0.5050
snp_141,184,1860,0.9100
snp_142,1789,175,0.0891
snp_143,1062,921,0.4644
snp_144,1142,851,0.4270
snp_145,1849,132,0.0666
snp_146,1103,883,0.4446
snp_147,970,1013,0.5108
snp_148,44,2019,0.9787
snp_149,127,1936,0.9384
snp_150,971,1019,0.5121
snp_151,1038,979,0.4854
snp_152,945,1052,0.5268
snp_153,0,2035,1.0000
snp_154,856,1155,0.5743
snp_155,0,2091,1.0000
snp_156,1051,954,0.4758
snp_157,933,988,0.5143
snp_158,978,1003,0.5063
snp_159,888,1029,0.5368
snp_160,167,1825,0.9162
snp_161,1052,846,0.4457
snp_162,1792,195,0.0981
snp_163,195,1870,0.9056
snp_164,930,1043,0.5286
snp_165,2013,0,0.0000
snp_166,1036,1031,0.4988
snp_167,170,1825,0.9148
snp_168,1894,147,0.0720
snp_169,173,1817,0.9131
snp_170,867,1132,0.5663
snp_171,1993,34,0.0168
snp_172,1137,866,0.4324
snp_173,49,1914,0.9750
snp_174,1116,850,0.4323
snp_175,1021,1031,0.5024
snp_176,1105,901,0.4492
snp_177,121,1856,0.9388
snp_178,1019,994,0.4938
snp_179,1004,1021,0.5042
snp_180,1007,954,0.4865
snp_181,170,1808,0.9141
snp_182,128,1881,0.9363
snp_183,1006,1040,0.5083
snp_184,2069,0,0.0000
snp_185,951,938,0.4966
snp_186,1129,913,0.4471
snp_187,868,1148,0.5694
snp_188,1033,946,0.4780
snp_189,1949,0,0.0000
snp_190,826,1112,0.5738
snp_191,0,2083,1.0000
snp_192,47,1956,0.9765
snp_193,928,1039,0.5282
snp_194,1913,37,0.0190
snp_195,1017,1065,0.5115
snp_196,187,1802,0.9060
snp_197,853,1119,0.5674
snp_198,1921,120,0.0588
snp_199,2028,59,0.0283
snp_200,1159,849,0.4228
snp_201,1145,890,0.4373
snp_202,1996,0,0.0000
snp_203,167,1786,0.9145
snp_204,948,1079,0.5323
snp_205,1942,0,0.0000
snp_206,1054,903,0.4614
snp_207,1100,865,0.4402
snp_208,0,1958,1.0000
snp_209,973,1038,0.5162
snp_210,863,1154,0.5721
snp_211,964,1069,0.5258
snp_212,0,2037,1.0000
snp_213,174,1853,0.9142
snp_214,1824,183,0.0912
snp_215,182,1812,0.9087
snp_216,2072,0,0.0000
snp_217,0,1967,1.0000
snp_218,891,1181,0.5700
snp_219,0,2011,1.0000
snp_220,1975,0,0.0000
snp_221,1018,934,0.4785
snp_222,882,1109,0.5570
snp_223,1841,178,0.0882
snp_224,860,1166,0.5755
snp_225,1804,179,0.0903
snp_226,1037,913,0.4682
snp_227,855,1108,0.5644
snp_228,0,1982,1.0000
snp_229,868,1162,0.5724
snp_230,872,1137,0.5660
snp_231,1851,187,0.0918
snp_232,1110,892,0.4456
snp_233,1960,0,0.0000
snp_234,1102,848,0.4349
snp_235,179,1855,0.9120
snp_236,192,1795,0.9034
snp_237,0,1965,1.0000
snp_238,878,1104,0.5570
snp_239,1139,873,0.4339
snp_240,955,1007,0.5133
snp_241,173,1878,0.9157
snp_242,1837,158,0.0792
snp_243,1003,926,0.4800
snp_244,884,1120,0.5589
snp_245,2108,0,0.0000
snp_246,844,1135,0.5735
snp_247,1146,836,0.4218
snp_248,171,1833,0.9147
snp_249,0,1937,1.0000
snp_250,926,1015,0.5229
snp_251,1004,926,0.4798
snp_252,913,980,0.5177
snp_253,0,2016,1.0000
snp_254,801,1220,0.6037
snp_255,0,1948,1.0000
snp_256,1004,982,0.4945
snp_257,937,980,0.5112
snp_258,1223,795,0.3940
snp_259,985,996,0.5028
snp_260,175,1749,0.9090
snp_261,1175,850,0.4198
snp_262,1863,152,0.0754
snp_263,154,1824,0.9221
snp_264,1018,1016,0.4995
snp_265,1987,0,0.0000
snp_266,1200,805,0.4015
snp_267,153,1766,0.9203
snp_268,2126,0,0.0000
snp_269,184,1801,0.9073
snp_270,827,1194,0.5908
snp_271,1810,170,0.0859
snp_272,1166,795,0.4054
snp_273,168,1819,0.9155
snp_274,1215,804,0.3982
snp_275,830,1187,0.5885
snp_276,1147,831,0.4201
snp_277,0,1988,1.0000
snp_278,835,1157,0.5808
snp_279,1117,803,0.4182
snp_280,1163,807,0.4096
snp_281,150,1744,0.9208
snp_282,0,1979,1.0000
snp_283,1213,847,0.4112
snp_284,1978,0,0.0000
snp_285,1191,836,0.4124
snp_286,1180,800,0.4040
snp_287,837,1192,0.5875
snp_288,1145,816,0.4161
snp_289,2024,0,0.0000
snp_290,824,1133,0.5789
snp_291,0,2008,1.0000
snp_292,181,1846,0.9107
snp_293,1016,950,0.4832
snp_294,1739,170,0.0891
snp_295,1214,770,0.3881
snp_296,187,1868,0.9090
snp_297,796,1191,0.5994
snp_298,2050,0,0.0000
snp_299,1844,157,0.0785
snp_300,1126,782,0.4099
snp_301,1155,890,0.4352
snp_302,1916,212,0.0996
snp_303,206,1776,0.8961
snp_304,985,1055,0.5172
snp_305,1888,181,0.0875
snp_306,853,1095,0.5621
snp_307,935,1007,0.5185
snp_308,0,2023,1.0000
snp_309,1102,846,0.4343
snp_310,1106,956,0.4636
snp_311,969,1049,0.5198
snp_312,0,2040,1.0000
snp_313,177,1824,0.9115
snp_314,1872,0,0.0000
snp_315,161,1873,0.9208
snp_316,1939,0,0.0000
snp_317,0,1998,1.0000
snp_318,876,1142,0.5659
snp_319,0,2063,1.0000
snp_320,1813,164,0.0830
snp_321,1089,998,0.4782
snp_322,1001,916,0.4778
snp_323,2018,0,0.0000
snp_324,884,1170,0.5696
snp_325,2013,0,0.0000
snp_326,1046,939,0.4730
snp_327,848,1094,0.5633
snp_328,165,1926,0.9211
snp_329,849,1182,0.5820
snp_330,853,1167,0.5777
snp_331,1809,193,0.0964
snp_332,918,1058,0.5354
snp_333,2002,0,0.0000
snp_334,1104,889,0.4461
snp_335,0,1915,1.0000
snp_336,172,1887,0.9165
snp_337,203,1818,0.8996
snp_338,1036,936,0.4746
snp_339,1106,862,0.4380
snp_340,1110,847,0.4328
snp_341,180,1793,0.9088
snp_342,1901,169,0.0816
snp_343,831,1111,0.5721
snp_344,1091,963,0.4688
snp_345,1823,165,0.0830
snp_346,1099,984,0.4724
snp_347,1096,840,0.4339
snp_348,0,2048,1.0000
snp_349,176,1741,0.9082
snp_350,1134,856,0.4302
snp_351,1044,920,0.4684
snp_352,921,1070,0.5374
snp_353,0,1960,1.0000
snp_354,889,1114,0.5562
snp_355,0,2085,1.0000
snp_356,1077,958,0.4708
snp_357,971,1072,0.5247
snp_358,935,1100,0.5405
snp_359,882,1171,0.5704
snp_360,187,1850,0.9082
snp_361,1158,899,0.4370
snp_362,1846,177,0.0875
snp_363,166,1881,0.9189
snp_364,913,1033,0.5308
snp_365,1937,0,0.0000
snp_366,888,1093,0.5517
snp_367,182,1848,0.9103
snp_368,1752,177,0.0918
snp_369,172,1835,0.9143
snp_370,897,1082,0.5467
snp_371,1961,0,0.0000
snp_372,1141,841,0.4243
snp_373,0,1945,1.0000
snp_374,1130,921,0.4490
snp_375,1026,925,0.4741
snp_376,1109,835,0.4295
snp_377,196,1839,0.9037
snp_378,1067,940,0.4684
snp_379,896,1071,0.5445
snp_380,930,1038,0.5274
snp_381,191,1721,0.9001
snp_382,164,1865,0.9192
snp_383,885,1013,0.5337
snp_384,1986,0,0.0000
snp_385,919,1070,0.5380
snp_386,1162,905,0.4378
snp_387,875,1121,0.5616
snp_388,947,1000,0.5136
snp_389,1986,0,0.0000
snp_390,849,1148,0.5749
snp_391,0,2044,1.0000
snp_392,0,2026,1.0000
snp_393,934,999,0.5168
snp_394,2033,0,0.0000
snp_395,873,1105,0.5586
snp_396,186,1804,0.9065
snp_397,882,1098,0.5545
snp_398,1742,187,0.0969
snp_399,1966,0,0.0000
snp_400,1170,897,0.4340
snp_401,1107,849,0.4340
snp_402,1874,172,0.0841
snp_403,168,1894,0.9185
snp_404,945,1029,0.5213
snp_405,1816,179,0.0897
snp_406,871,1164,0.5720
snp_407,987,1039,0.5128
snp_408,0,2055,1.0000
snp_409,1130,883,0.4386
snp_410,1076,959,0.4713
snp_411,943,1022,0.5201
snp_412,0,1986,1.0000
snp_413,177,1898,0.9147
snp_414,2002,0,0.0000
snp_415,177,1821,0.9114
snp_416,2022,0,0.0000
snp_417,0,2062,1.0000
snp_418,823,1161,0.5852
snp_419,0,1968,1.0000
snp_420,1821,195,0.0967
snp_421,1044,932,0.4717
snp_422,1002,948,0.4862
snp_423,1912,0,0.0000
snp_424,834,1102,0.5692
snp_425,2005,0,0.0000
snp_426,1038,954,0.4789
snp_427,904,1075,0.5432
snp_428,176,1817,0.9117
snp_429,902,1165,0.5636
snp_430,850,1174,0.5800
snp_431,1830,176,0.0877
snp_432,937,1012,0.5192
snp_433,2023,0,0.0000
snp_434,1151,877,0.4324
snp_435,0,2090,1.0000
snp_436,185,1866,0.9098
snp_437,176,1785,0.9102
snp_438,1074,988,0.4791
snp_439,1095,891,0.4486
snp_440,1121,923,0.4516
snp_441,156,1835,0.9216
snp_442,1822,178,0.0890
snp_443,864,1090,0.5578
snp_444,1041,951,0.4774
snp_445,1773,175,0.0898
snp_446,1031,909,0.4686
snp_447,1085,864,0.4433
snp_448,0,2019,1.0000
snp_449,193,1851,0.9056
snp_450,1042,833,0.4443
snp_451,1159,795,0.4069
snp_452,857,1165,0.5762
snp_453,0,1986,1.0000
snp_454,981,1011,0.5075
snp_455,0,1901,1.0000
snp_456,1167,806,0.4085
snp_457,865,1211,0.5833
snp_458,896,1166,0.5655
snp_459,1068,965,0.4747
snp_460,189,1793,0.9046
snp_461,955,975,0.5052
snp_462,1830,186,0.0923
snp_463,169,1767,0.9127
snp_464,801,1117,0.5824
snp_465,2001,0,0.0000
snp_466,904,1172,0.5645
snp_467,192,1895,0.9080
snp_468,1884,130,0.0645
snp_469,202,1890,0.9034
snp_470,970,983,0.5033
snp_471,1943,53,0.0266
snp_472,981,1009,0.5070
snp_473,53,1890,0.9727
snp_474,1044,1020,0.4942
snp_475,1128,956,0.4587
snp_476,947,975,0.5073
snp_477,113,1879,0.9433
snp_478,1106,839,0.4314
snp_479,820,1094,0.5716
snp_480,857,1188,0.5809
snp_481,186,1770,0.9049
snp_482,138,1933,0.9334
snp_483,898,1130,0.5572
snp_484,1939,0,0.0000
snp_485,869,1135,0.5664
snp_486,976,976,0.5000
snp_487,992,948,0.4887
snp_488,902,1172,0.5651
snp_489,1979,0,0.0000
snp_490,1051,1010,0.4901
snp_491,0,1973,1.0000
snp_492,47,1928,0.9762
snp_493,829,1162,0.5836
snp_494,2011,50,0.0243
snp_495,876,1119,0.5609
snp_496,182,1824,0.9093
snp_497,1009,1015,0.5015
snp_498,1917,118,0.0580
snp_499,1989,47,0.0231
snp_500,992,1030,0.5094
snp_501,973,1006,0.5083
snp_502,1777,156,0.0807
snp_503,188,1854,0.9079
snp_504,863,1171,0.5757
snp_505,1873,188,0.0912
snp_506,969,1005,0.5091
snp_507,815,1190,0.5935
snp_508,0,1973,1.0000
snp_509,978,1030,0.5129
snp_510,1138,809,0.4155
snp_511,824,1240,0.6008
snp_512,0,1959,1.0000
snp_513,176,1750,0.9086
snp_514,1965,0,0.0000
snp_515,171,1799,0.9132
snp_516,1991,0,0.0000
snp_517,0,1816,1.0000
snp_518,999,959,0.4898
snp_519,0,1991,1.0000
snp_520,1810,162,0.0822
snp_521,1194,857,0.4178
snp_522,1226,785,0.3904
snp_523,2050,0,0.0000
snp_524,1052,969,0.4795
snp_525,1955,0,0.0000
snp_526,1207,806,0.4004
snp_527,959,1024,0.5164
snp_528,159,1828,0.9200
snp_529,945,954,0.5024
snp_530,981,968,0.4967
snp_531,1839,178,0.0882
snp_532,851,1216,0.5883
snp_533,2070,0,0.0000
snp_534,955,969,0.5036
snp_535,0,1980,1.0000
snp_536,179,1851,0.9118
snp_537,195,1830,0.9037
snp_538,1181,831,0.4130
snp_539,1033,980,0.4868
snp_540,1020,1012,0.4980
snp_541,176,1842,0.9128
snp_542,1840,165,0.0823
snp_543,1031,992,0.4904
snp_544,1224,831,0.4044
snp_545,1873,181,0.0881
snp_546,1212,840,0.4094
snp_547,1023,1053,0.5072
snp_548,0,1977,1.0000
snp_549,184,1837,0.9090
snp_550,1026,971,0.4862
snp_551,1180,811,0.4073
snp_552,773,1165,0.6011
snp_553,0,1983,1.0000
snp_554,959,1020,0.5154
snp_555,0,2061,1.0000
snp_556,1199,860,0.4177
snp_557,780,1132,0.5921
snp_558,835,1114,0.5716
snp_559,1025,1038,0.5032
snp_560,195,1814,0.9029
snp_561,993,1000,0.5018
snp_562,1841,165,0.0823
snp_563,181,1788,0.9081
snp_564,841,1164,0.5805
snp_565,2007,0,0.0000
snp_566,829,1190,0.5894
snp_567,169,1870,0.9171
snp_568,1793,192,0.0967
snp_569,192,1776,0.9024
snp_570,990,985,0.4987
snp_571,2005,0,0.0000
snp_572,1001,1014,0.5032
snp_573,0,1980,1.0000
snp_574,994,1014,0.5050
snp_575,1175,798,0.4045
snp_576,1024,997,0.4933
snp_577,168,1820,0.9155
snp_578,1197,812,0.4042
snp_579,825,1219,0.5964
snp_580,836,1215,0.5924
snp_581,168,1811,0.9151
snp_582,199,1779,0.8994
snp_583,831,1213,0.5934
snp_584,2028,0,0.0000
snp_585,836,1220,0.5934
snp_586,990,1009,0.5048
snp_587,941,964,0.5060
snp_588,836,1169,0.5830
snp_589,2014,0,0.0000
snp_590,991,969,0.4944
snp_591,0,1890,1.0000
snp_592,0,1985,1.0000
snp_593,826,1218,0.5959
snp_594,2006,0,0.0000
snp_595,860,1228,0.5881
snp_596,182,1777,0.9071
snp_597,1003,1056,0.5129
snp_598,1769,192,0.0979
snp_599,2025,0,0.0000
snp_600,991,1056,0.5159
snp_601,1171,783,0.4007
snp_602,1870,126,0.0631
snp_603,178,1810,0.9105
snp_604,998,1008,0.5025
snp_605,1790,139,0.0721
snp_606,837,1092,0.5661
snp_607,1097,962,0.4672
snp_608,0,2054,1.0000
snp_609,1162,846,0.4213
snp_610,946,1093,0.5360
snp_611,1006,1015,0.5022
snp_612,0,2008,1.0000
snp_613,171,1886,0.9169
snp_614,1972,52,0.0257
snp_615,186,1793,0.9060
snp_616,2002,0,0.0000
snp_617,0,1955,1.0000
snp_618,825,1167,0.5858
snp_619,0,2057,1.0000
snp_620,1872,127,0.0635
snp_621,987,987,0.5000
snp_622,955,1072,0.5289
snp_623,1936,47,0.0237
snp_624,816,1115,0.5774
snp_625,1929,42,0.0213
snp_626,998,1020,0.5055
snp_627,792,1158,0.5938
snp_628,121,1905,0.9403
snp_629,901,1167,0.5643
snp_630,823,1238,0.6007
snp_631,1789,180,0.0914
snp_632,1017,994,0.4943
snp_633,2038,0,0.0000
snp_634,1183,841,0.4155
snp_635,52,1889,0.9732
snp_636,165,1829,0.9173
snp_637,133,1904,0.9347
snp_638,940,1027,0.5221
snp_639,1238,870,0.4127
snp_640,1131,837,0.4253
snp_641,187,1801,0.9059
snp_642,1789,149,0.0769
snp_643,868,1143,0.5684
snp_644,934,1045,0.5280
snp_645,1891,111,0.0554
snp_646,946,1043,0.5244
snp_647,1130,826,0.4223
snp_648,47,1977,0.9768
snp_649,131,1845,0.9337
snp_650,1127,923,0.4502
snp_651,1011,1057,0.5111
snp_652,971,1039,0.5169
snp_653,0,2028,1.0000
snp_654,858,1196,0.5823
snp_655,0,1933,1.0000
snp_656,965,1025,0.5151
snp_657,953,1001,0.5123
snp_658,1022,937,0.4783
snp_659,871,1186,0.5766
snp_660,156,1803,0.9204
snp_661,1233,847,0.4072
snp_662,1833,161,0.0807
snp_663,193,1932,0.9092
snp_664,982,1005,0.5058
snp_665,1999,0,0.0000
snp_666,1017,937,0.4795
snp_667,196,1783,0.9010
snp_668,1914,110,0.0543
snp_669,192,1864,0.9066
snp_670,816,1109,0.5761
snp_671,2001,50,0.0244
snp_672,1201,837,0.4107
snp_673,46,1990,0.9774
snp_674,1187,844,0.4156
snp_675,950,1014,0.5163
snp_676,1170,775,0.3985
snp_677,118,1943,0.9427
snp_678,935,1017,0.5210
snp_679,1057,968,0.4780
snp_680,1069,991,0.4811
snp_681,163,1852,0.9191
snp_682,126,1919,0.9384
snp_683,1066,968,0.4759
snp_684,2010,0,0.0000
snp_685,1095,982,0.4728
snp_686,1192,809,0.4043
snp_687,811,1212,0.5991
snp_688,1041,954,0.4782
snp_689,1939,0,0.0000
snp_690,811,1184,0.5935
snp_691,0,1907,1.0000
snp_692,52,1945,0.9740
snp_693,979,1018,0.5098
snp_694,1904,47,0.0241
snp_695,1053,970,0.4795
snp_696,184,1851,0.9096
snp_697,813,1195,0.5951
snp_698,1829,124,0.0635
snp_699,1903,46,0.0236
snp_700,1143,844,0.4248
snp_701,1240,859,0.4092
snp_702,1968,0,0.0000
snp_703,167,1858,0.9175
snp_704,981,978,0.4992
snp_705,2016,0,0.0000
snp_706,1007,1015,0.5020
snp_707,1210,798,0.3974
snp_708,0,1999,1.0000
snp_709,1019,1006,0.4968
snp_710,819,1162,0.5866
snp_711,1009,951,0.4852
snp_712,0,2041,1.0000
snp_713,171,1862,0.9159
snp_714,1859,163,0.0806
snp_715,173,1795,0.9121
snp_716,1985,0,0.0000
snp_717,0,2062,1.0000
snp_718,841,1209,0.5898
snp_719,0,2043,1.0000
snp_720,1972,0,0.0000
snp_721,994,1004,0.5025
snp_722,862,1176,0.5770
snp_723,1805,173,0.0875
snp_724,809,1170,0.5912
snp_725,1809,187,0.0937
snp_726,1024,971,0.4867
snp_727,814,1212,0.5982
snp_728,0,1987,1.0000
snp_729,800,1224,0.6047
snp_730,839,1162,0.5807
snp_731,1875,173,0.0845
snp_732,1225,842,0.4074
snp_733,1972,0,0.0000
snp_734,1181,783,0.3987
snp_735,186,1846,0.9085
snp_736,178,1920,0.9152
snp_737,0,2060,1.0000
snp_738,771,1197,0.6082
snp_739,1184,815,0.4077
snp_740,1000,974,0.4934
snp_741,178,1840,0.9118
snp_742,1777,175,0.0897
snp_743,976,969,0.4982
snp_744,809,1153,0.5877
snp_745,1991,0,0.0000
snp_746,834,1213,0.5926
snp_747,1225,781,0.3893
snp_748,180,1829,0.9104
snp_749,0,2026,1.0000
snp_750,955,1035,0.5201
snp_751,949,1012,0.5161
snp_752,1008,985,0.4942
snp_753,0,1977,1.0000
snp_754,840,1173,0.5827
snp_755,0,2006,1.0000
snp_756,963,1020,0.5144
snp_757,981,981,0.5000
snp_758,1068,1019,0.4883
snp_759,876,1112,0.5594
snp_760,176,1837,0.9126
snp_761,1242,845,0.4049
snp_762,1818,166,0.0837
snp_763,195,1813,0.9029
snp_764,1035,1068,0.5078
snp_765,2002,0,0.0000
snp_766,1080,969,0.4729
snp_767,186,1838,0.9081
snp_768,1889,133,0.0658
snp_769,179,1834,0.9111
snp_770,834,1213,0.5926
snp_771,1982,48,0.0236
snp_772,1168,858,0.4235
snp_773,46,1926,0.9767
snp_774,1201,810,0.4028
snp_775,1005,1085,0.5191
snp_776,1186,778,0.3961
snp_777,130,1848,0.9343
snp_778,962,1049,0.5216
snp_779,1032,942,0.4772
snp_780,1064,936,0.4680
snp_781,178,1790,0.9096
snp_782,137,1881,0.9321
snp_783,956,975,0.5049
snp_784,1961,0,0.0000
snp_785,1044,923,0.4692
snp_786,1150,830,0.4192
snp_787,848,1191,0.5841
snp_788,1041,940,0.4745
snp_789,2025,0,0.0000
snp_790,838,1165,0.5816
snp_791,0,2024,1.0000
snp_792,50,1915,0.9746
snp_793,998,1012,0.5035
snp_794,1913,54,0.0275
snp_795,985,974,0.4972
snp_796,176,1917,0.9159
snp_797,796,1146,0.5901
snp_798,1882,119,0.0595
snp_799,2014,41,0.0200
snp_800,1187,822,0.4092
snp_801,1062,986,0.4814
snp_802,1931,0,0.0000
snp_803,164,1772,0.9153
snp_804,821,1156,0.5847
snp_805,2010,0,0.0000
snp_806,1164,830,0.4162
snp_807,977,990,0.5033
snp_808,0,2077,1.0000
snp_809,859,1172,0.5771
snp_810,956,961,0.5013
snp_811,811,1163,0.5892
snp_812,0,1912,1.0000
snp_813,179,1753,0.9073
snp_814,1765,181,0.0930
snp_815,183,1781,0.9068
snp_816,2031,0,0.0000
snp_817,0,1982,1.0000
snp_818,936,935,0.4997
snp_819,0,2048,1.0000
snp_820,1987,0,0.0000
snp_821,1181,821,0.4101
snp_822,1031,999,0.4921
snp_823,1762,171,0.0885
snp_824,1005,1008,0.5007
snp_825,1825,181,0.0902
snp_826,1135,815,0.4179
snp_827,1012,1011,0.4998
snp_828,0,2016,1.0000
snp_829,964,954,0.4974
snp_830,1004,952,0.4867
snp_831,1771,187,0.0955
snp_832,992,1013,0.5052
snp_833,2036,0,0.0000
snp_834,1009,987,0.4945
snp_835,177,1791,0.9101
snp_836,166,1844,0.9174
snp_837,0,2045,1.0000
snp_838,990,1017,0.5067
snp_839,1005,966,0.4901
snp_840,854,1185,0.5812
snp_841,170,1819,0.9145
snp_842,1884,175,0.0850
snp_843,1223,870,0.4157
snp_844,975,1002,0.5068
snp_845,1974,0,0.0000
snp_846,1035,975,0.4851
snp_847,985,1031,0.5114
snp_848,196,1846,0.9040
snp_849,0,1957,1.0000
snp_850,843,1236,0.5945
snp_851,1196,772,0.3923
snp_852,821,1135,0.5803
snp_853,0,1963,1.0000
snp_854,1028,1025,0.4993
snp_855,0,2028,1.0000
snp_856,1177,828,0.4130
snp_857,829,1135,0.5779
snp_858,972,958,0.4964
snp_859,1215,851,0.4119
snp_860,180,1857,0.9116
snp_861,1021,1006,0.4963
snp_862,1888,172,0.0835
snp_863,172,1816,0.9135
snp_864,808,1141,0.5854
snp_865,2025,0,0.0000
snp_866,1024,1020,0.4990
snp_867,184,1821,0.9082
snp_868,1942,0,0.0000
snp_869,179,1797,0.9094
snp_870,1015,1041,0.5063
snp_871,1788,168,0.0859
snp_872,964,959,0.4987
snp_873,193,1826,0.9044
snp_874,992,1012,0.5050
snp_875,1061,995,0.4839
snp_876,992,983,0.4977
snp_877,0,1960,1.0000
snp_878,1023,979,0.4890
snp_879,972,1010,0.5096
snp_880,1038,989,0.4879
snp_881,175,1803,0.9115
snp_882,0,2076,1.0000
snp_883,971,1034,0.5157
snp_884,2098,0,0.0000
snp_885,979,1015,0.5090
snp_886,1001,1032,0.5076
snp_887,962,972,0.5026
snp_888,1037,1025,0.4971
snp_889,2026,0,0.0000
snp_890,1006,991,0.4962
snp_891,0,1979,1.0000
snp_892,175,1770,0.9100
snp_893,862,1185,0.5789
snp_894,1803,176,0.0889
snp_895,990,989,0.4997
snp_896,183,1735,0.9046
snp_897,1015,994,0.4948
snp_898,2022,0,0.0000
snp_899,1781,185,0.0941
snp_900,974,960,0.4964
snp_901,1027,1038,0.5027
snp_902,1831,137,0.0696
snp_903,199,1809,0.9009
snp_904,844,1178,0.5826
snp_905,1879,129,0.0642
snp_906,1051,984,0.4835
snp_907,846,1170,0.5804
snp_908,0,2042,1.0000
snp_909,929,1062,0.5334
snp_910,1154,879,0.4324
snp_911,842,1144,0.5760
snp_912,0,2062,1.0000
snp_913,152,1834,0.9235
snp_914,1981,53,0.0261
snp_915,168,1928,0.9198
snp_916,2024,0,0.0000
snp_917,0,2038,1.0000
snp_918,1030,1016,0.4966
snp_919,0,2010,1.0000
snp_920,1772,135,0.0708
snp_921,1201,828,0.4081
snp_922,1115,880,0.4411
snp_923,1943,51,0.0256
snp_924,1005,1003,0.4995
snp_925,1926,45,0.0228
snp_926,1118,804,0.4183
snp_927,1048,1016,0.4922
snp_928,124,1824,0.9363
snp_929,992,1037,0.5111
snp_930,988,975,0.4967
snp_931,1789,164,0.0840
snp_932,833,1112,0.5717
snp_933,2010,0,0.0000
snp_934,946,991,0.5116
snp_935,54,1944,0.9730
snp_936,181,1782,0.9078
snp_937,138,1948,0.9338
snp_938,1115,827,0.4258
snp_939,1038,958,0.4800
snp_940,947,1048,0.5253
snp_941,208,1832,0.8980
snp_942,1789,185,0.0937
snp_943,1052,936,0.4708
snp_944,1117,869,0.4376
snp_945,1854,123,0.0622
snp_946,1103,894,0.4477
snp_947,981,980,0.4997
snp_948,34,1946,0.9828
snp_949,135,1841,0.9317
snp_950,927,1056,0.5325
snp_951,1005,1051,0.5112
snp_952,964,993,0.5074
snp_953,0,1969,1.0000
snp_954,857,1221,0.5876
snp_955,0,1993,1.0000
snp_956,1003,1003,0.5000
snp_957,1007,994,0.4968
snp_958,1070,946,0.4692
snp_959,933,1130,0.5477
snp_960,185,1775,0.9056
snp_961,1197,818,0.4060
snp_962,1868,180,0.0879
snp_963,171,1716,0.9094
snp_964,1020,1012,0.4980
snp_965,2000,0,0.0000
snp_966,1103,959,0.4651
snp_967,175,1782,0.9106
snp_968,1854,133,0.0669
snp_969,187,1861,0.9087
snp_970,775,1118,0.5906
snp_971,1952,40,0.0201
snp_972,1215,814,0.4012
snp_973,45,1906,0.9769
snp_974,1165,809,0.4098
snp_975,974,1028,0.5135
snp_976,1235,791,0.3904
snp_977,112,2005,0.9471
snp_978,929,1117,0.5459
snp_979,1027,903,0.4679
snp_980,1042,906,0.4651
snp_981,166,1830,0.9168
snp_982,124,1916,0.9392
snp_983,1041,1003,0.4907
snp_984,2021,0,0.0000
snp_985,1048,904,0.4631
snp_986,1186,806,0.4046
snp_987,796,1160,0.5930
snp_988,995,949,0.4882
snp_989,2006,0,0.0000
snp_990,857,1129,0.5685
snp_991,0,2034,1.0000
snp_992,43,2022,0.9792
snp_993,994,939,0.4858
snp_994,1998,50,0.0244
snp_995,1027,958,0.4826
snp_996,183,1809,0.9081
snp_997,833,1142,0.5782
snp_998,1833,128,0.0653
snp_999,1992,56,0.0273
snp_1000,1158,817,0.4137
snp_1001,1142,833,0.4218
snp_1002,1902,129,0.0635
snp_1003,156,1807,0.9205
snp_1004,917,1071,0.5387
snp_1005,1901,139,0.0681
snp_1006,935,1098,0.5401
snp_1007,1028,985,0.4893
snp_1008,0,1958,1.0000
snp_1009,1085,902,0.4540
snp_1010,1030,997,0.4919
snp_1011,972,1078,0.5259
snp_1012,0,1944,1.0000
snp_1013,166,1845,0.9175
snp_1014,2023,59,0.0283
snp_1015,178,1812,0.9106
snp_1016,2023,0,0.0000
snp_1017,0,1984,1.0000
snp_1018,906,1151,0.5596
snp_1019,0,2018,1.0000
snp_1020,1920,125,0.0611
snp_1021,1052,951,0.4748
snp_1022,1019,965,0.4864
snp_1023,2004,48,0.0234
snp_1024,823,1096,0.5711
snp_1025,1985,62,0.0303
snp_1026,1021,968,0.4867
snp_1027,866,1148,0.5700
snp_1028,139,1861,0.9305
snp_1029,890,1113,0.5557
snp_1030,791,1136,0.5895
snp_1031,1845,187,0.0920
snp_1032,1002,1001,0.4998
snp_1033,1990,0,0.0000
snp_1034,1164,822,0.4139
snp_1035,47,1895,0.9758
snp_1036,187,1898,0.9103
snp_1037,134,1880,0.9335
snp_1038,946,957,0.5029
snp_1039,1108,826,0.4271
snp_1040,1052,924,0.4676
snp_1041,191,1807,0.9044
snp_1042,1794,172,0.0875
snp_1043,973,1097,0.5300
snp_1044,995,994,0.4997
snp_1045,1808,136,0.0700
snp_1046,980,1008,0.5070
snp_1047,1128,827,0.4230
snp_1048,59,1950,0.9706
snp_1049,136,1871,0.9322
snp_1050,1082,897,0.4533
snp_1051,1032,937,0.4759
snp_1052,957,1023,0.5167
snp_1053,0,2015,1.0000
snp_1054,867,1110,0.5615
snp_1055,0,1990,1.0000
snp_1056,1049,955,0.4765
snp_1057,920,1021,0.5260
snp_1058,1033,1057,0.5057
snp_1059,861,1096,0.5600
snp_1060,185,1887,0.9107
snp_1061,1125,876,0.4378
snp_1062,1814,162,0.0820
snp_1063,175,1826,0.9125
snp_1064,912,1050,0.5352
snp_1065,2023,0,0.0000
snp_1066,1009,1005,0.4990
snp_1067,189,1806,0.9053
snp_1068,1828,130,0.0664
snp_1069,175,1814,0.9120
snp_1070,884,1047,0.5422
snp_1071,1932,59,0.0296
snp_1072,1146,840,0.4230
snp_1073,60,1947,0.9701
snp_1074,1105,901,0.4492
snp_1075,1007,964,0.4891
snp_1076,1112,859,0.4358
snp_1077,119,1837,0.9392
snp_1078,983,1003,0.5050
snp_1079,966,962,0.4990
snp_1080,1010,940,0.4821
snp_1081,173,1817,0.9131
snp_1082,130,1859,0.9346
snp_1083,987,1020,0.5082
snp_1084,1965,0,0.0000
snp_1085,1003,978,0.4937
snp_1086,1119,855,0.4331
snp_1087,886,1119,0.5581
snp_1088,1056,1023,0.4921
snp_1089,1972,0,0.0000
snp_1090,854,1094,0.5616
snp_1091,0,1994,1.0000
snp_1092,55,1924,0.9722
snp_1093,935,1015,0.5205
snp_1094,2036,52,0.0249
snp_1095,1009,1050,0.5100
snp_1096,185,1778,0.9058
snp_1097,908,1118,0.5518
snp_1098,1883,125,0.0623
snp_1099,1936,50,0.0252
snp_1100,1150,847,0.4241
snp_1101,1032,930,0.4740
snp_1102,1919,119,0.0584
snp_1103,178,1763,0.9083
snp_1104,883,1115,0.5581
snp_1105,1885,122,0.0608
snp_1106,1002,1016,0.5035
snp_1107,935,1076,0.5351
snp_1108,0,1943,1.0000
snp_1109,979,1052,0.5180
snp_1110,1100,935,0.4595
snp_1111,862,1123,0.5657
snp_1112,0,1974,1.0000
snp_1113,172,1818,0.9136
snp_1114,2015,45,0.0218
snp_1115,181,1771,0.9073
snp_1116,2031,0,0.0000
snp_1117,0,1973,1.0000
snp_1118,923,1079,0.5390
snp_1119,0,1999,1.0000
snp_1120,1951,139,0.0665
snp_1121,1120,874,0.4383
snp_1122,1059,888,0.4561
snp_1123,1936,54,0.0271
snp_1124,973,1041,0.5169
snp_1125,1959,56,0.0278
snp_1126,1129,841,0.4269
snp_1127,969,1081,0.5273
snp_1128,112,1918,0.9448
snp_1129,1012,1029,0.5042
snp_1130,950,1040,0.5226
snp_1131,1788,171,0.0873
snp_1132,929,1052,0.5310
snp_1133,2043,0,0.0000
snp_1134,1021,986,0.4913
snp_1135,56,2013,0.9729
snp_1136,187,1858,0.9086
snp_1137,131,1904,0.9356
snp_1138,1079,911,0.4578
snp_1139,1011,933,0.4799
snp_1140,988,1003,0.5038
snp_1141,188,1798,0.9053
snp_1142,1814,177,0.0889
snp_1143,993,1079,0.5208
snp_1144,1129,914,0.4474
snp_1145,1838,126,0.0642
snp_1146,1067,900,0.4575
snp_1147,1032,966,0.4835
snp_1148,51,1928,0.9742
snp_1149,131,1868,0.9345
snp_1150,995,962,0.4916
snp_1151,1030,956,0.4814
snp_1152,922,1010,0.5228
snp_1153,0,2000,1.0000
snp_1154,878,1119,0.5603
snp_1155,0,1966,1.0000
snp_1156,1048,954,0.4765
snp_1157,980,1074,0.5229
snp_1158,1030,1015,0.4963
snp_1159,927,1087,0.5397
snp_1160,170,1849,0.9158
snp_1161,1133,870,0.4343
snp_1162,1850,174,0.0860
snp_1163,165,1831,0.9173
snp_1164,1025,1038,0.5032
snp_1165,2076,0,0.0000
snp_1166,1023,1031,0.5019
snp_1167,181,1824,0.9097
snp_1168,1903,132,0.0649
snp_1169,180,1822,0.9101
snp_1170,878,1181,0.5736
snp_1171,1880,50,0.0259
snp_1172,1074,882,0.4509
snp_1173,54,1931,0.9728
snp_1174,1149,882,0.4343
snp_1175,992,1004,0.5030
snp_1176,1113,907,0.4490
snp_1177,128,1863,0.9357
snp_1178,981,959,0.4943
snp_1179,1043,1028,0.4964
snp_1180,981,1003,0.5055
snp_1181,190,1822,0.9056
snp_1182,133,1928,0.9355
snp_1183,925,978,0.5139
snp_1184,2035,0,0.0000
snp_1185,961,964,0.5008
snp_1186,1133,865,0.4329
snp_1187,853,1084,0.5596
snp_1188,1027,966,0.4847
snp_1189,1975,0,0.0000
snp_1190,842,1136,0.5743
snp_1191,0,2002,1.0000
snp_1192,56,1938,0.9719
snp_1193,944,1118,0.5422
snp_1194,1955,46,0.0230
snp_1195,1014,996,0.4955
snp_1196,174,1781,0.9110
snp_1197,851,1112,0.5665
snp_1198,1971,132,0.0628
snp_1199,1978,43,0.0213
snp_1200,1083,878,0.4477
snp_1201,1013,1033,0.5049
snp_1202,1762,185,0.0950
snp_1203,175,1870,0.9144
snp_1204,793,1245,0.6109
snp_1205,1779,178,0.0910
snp_1206,968,962,0.4984
snp_1207,841,1182,0.5843
snp_1208,0,2006,1.0000
snp_1209,1025,989,0.4911
snp_1210,1210,822,0.4045
snp_1211,812,1217,0.5998
snp_1212,0,2022,1.0000
snp_1213,179,1851,0.9118
snp_1214,2076,0,0.0000
snp_1215,191,1830,0.9055
snp_1216,1971,0,0.0000
snp_1217,0,1941,1.0000
snp_1218,1018,1003,0.4963
snp_1219,0,1987,1.0000
snp_1220,1808,178,0.0896
snp_1221,1197,851,0.4155
snp_1222,1186,788,0.3992
snp_1223,1947,0,0.0000
snp_1224,954,991,0.5095
snp_1225,2097,0,0.0000
snp_1226,1167,790,0.4037
snp_1227,1024,992,0.4921
snp_1228,172,1791,0.9124
snp_1229,989,968,0.4946
snp_1230,1009,1038,0.5071
snp_1231,1790,157,0.0806
snp_1232,821,1160,0.5856
snp_1233,1956,0,0.0000
snp_1234,1023,965,0.4854
snp_1235,0,2090,1.0000
snp_1236,179,1819,0.9104
snp_1237,175,1797,0.9113
snp_1238,1239,863,0.4106
snp_1239,992,966,0.4934
snp_1240,1005,1037,0.5078
snp_1241,157,1810,0.9202
snp_1242,1814,198,0.0984
snp_1243,964,1009,0.5114
snp_1244,1180,822,0.4106
snp_1245,1754,170,0.0884
snp_1246,1125,776,0.4082
snp_1247,1039,993,0.4887
snp_1248,0,2001,1.0000
snp_1249,164,1853,0.9187
snp_1250,1001,981,0.4950
snp_1251,1025,970,0.4862
snp_1252,931,1085,0.5382
snp_1253,0,2016,1.0000
snp_1254,886,1164,0.5678
snp_1255,0,1963,1.0000
snp_1256,1002,929,0.4811
snp_1257,976,1040,0.5159
snp_1258,928,1002,0.5192
snp_1259,848,1082,0.5606
snp_1260,183,1762,0.9059
snp_1261,1094,882,0.4464
snp_1262,1899,184,0.0883
snp_1263,166,1803,0.9157
snp_1264,958,980,0.5057
snp_1265,2000,0,0.0000
snp_1266,1003,1060,0.5138
snp_1267,174,1767,0.9104
snp_1268,1806,182,0.0915
snp_1269,177,1871,0.9136
snp_1270,872,1140,0.5666
snp_1271,2025,0,0.0000
snp_1272,1148,900,0.4395
snp_1273,0,2040,1.0000
snp_1274,1147,909,0.4421
snp_1275,1073,944,0.4680
snp_1276,1128,855,0.4312
snp_1277,170,1745,0.9112
snp_1278,1004,1000,0.4990
snp_1279,924,974,0.5132
snp_1280,1014,1067,0.5127
snp_1281,153,1809,0.9220
snp_1282,188,1743,0.9026
snp_1283,931,1060,0.5324
snp_1284,1977,0,0.0000
snp_1285,950,1089,0.5341
snp_1286,1107,888,0.4451
snp_1287,903,1060,0.5400
snp_1288,951,1071,0.5297
snp_1289,1940,0,0.0000
snp_1290,843,1103,0.5668
snp_1291,0,1926,1.0000
snp_1292,0,1975,1.0000
snp_1293,922,1019,0.5250
snp_1294,2000,0,0.0000
snp_1295,988,1068,0.5195
snp_1296,169,1788,0.9136
snp_1297,875,1159,0.5698
snp_1298,1900,191,0.0913
snp_1299,2054,0,0.0000
snp_1300,1174,880,0.4284
snp_1301,1155,848,0.4234
snp_1302,1881,130,0.0646
snp_1303,190,1818,0.9054
snp_1304,1009,1013,0.5010
snp_1305,1891,117,0.0583
snp_1306,912,1143,0.5562
snp_1307,1120,964,0.4626
snp_1308,0,1951,1.0000
snp_1309,1121,875,0.4384
snp_1310,945,1068,0.5306
snp_1311,1036,967,0.4828
snp_1312,0,1972,1.0000
snp_1313,171,1799,0.9132
snp_1314,1927,52,0.0263
snp_1315,181,1802,0.9087
snp_1316,1954,0,0.0000
snp_1317,0,2051,1.0000
snp_1318,824,1187,0.5903
snp_1319,0,2009,1.0000
snp_1320,1868,139,0.0693
snp_1321,978,999,0.5053
snp_1322,923,1023,0.5257
snp_1323,1943,49,0.0246
snp_1324,856,1162,0.5758
snp_1325,1986,42,0.0207
snp_1326,1001,1053,0.5127
snp_1327,818,1199,0.5944
snp_1328,104,1921,0.9486
snp_1329,818,1268,0.6079
snp_1330,831,1159,0.5824
snp_1331,1727,173,0.0911
snp_1332,1042,930,0.4716
snp_1333,2109,0,0.0000
snp_1334,1223,849,0.4097
snp_1335,56,2047,0.9734
snp_1336,178,1801,0.9101
snp_1337,129,1817,0.9337
snp_1338,945,1042,0.5244
snp_1339,1199,836,0.4108
snp_1340,1126,913,0.4478
snp_1341,181,1811,0.9091
snp_1342,1753,198,0.1015
snp_1343,835,1158,0.5810
snp_1344,959,1053,0.5234
snp_1345,1921,121,0.0593
snp_1346,915,1028,0.5291
snp_1347,1195,832,0.4105
snp_1348,52,1967,0.9742
snp_1349,109,1848,0.9443
snp_1350,1107,882,0.4434
snp_1351,1107,873,0.4409
snp_1352,848,1148,0.5752
snp_1353,0,2093,1.0000
snp_1354,921,1047,0.5320
snp_1355,0,1956,1.0000
snp_1356,1137,928,0.4494
snp_1357,884,1096,0.5535
snp_1358,1056,905,0.4615
snp_1359,1071,870,0.4482
snp_1360,170,1771,0.9124
snp_1361,1065,962,0.4746
snp_1362,1700,177,0.0943
snp_1363,186,1754,0.9041
snp_1364,877,1093,0.5548
snp_1365,2029,0,0.0000
snp_1366,1080,960,0.4706
snp_1367,190,1873,0.9079
snp_1368,1984,0,0.0000
snp_1369,185,1772,0.9055
snp_1370,917,1014,0.5251
snp_1371,1811,172,0.0867
snp_1372,1046,977,0.4829
snp_1373,162,1897,0.9213
snp_1374,1073,991,0.4801
snp_1375,991,1005,0.5035
snp_1376,1032,988,0.4891
snp_1377,0,2058,1.0000
snp_1378,949,1035,0.5217
snp_1379,1016,944,0.4816
snp_1380,1055,923,0.4666
snp_1381,185,1895,0.9111
snp_1382,0,1875,1.0000
snp_1383,1067,932,0.4662
snp_1384,1990,0,0.0000
snp_1385,1064,942,0.4696
snp_1386,1033,887,0.4620
snp_1387,940,1073,0.5330
snp_1388,1093,965,0.4689
snp_1389,1971,0,0.0000
snp_1390,991,1082,0.5219
snp_1391,0,2047,1.0000
snp_1392,173,1832,0.9137
snp_1393,889,1169,0.5680
snp_1394,1797,171,0.0869
snp_1395,1080,950,0.4680
snp_1396,160,1862,0.9209
snp_1397,905,1022,0.5304
snp_1398,2043,0,0.0000
snp_1399,1807,189,0.0947
snp_1400,1037,954,0.4792
snp_1401,1136,844,0.4263
snp_1402,1880,139,0.0688
snp_1403,163,1786,0.9164
snp_1404,962,1080,0.5289
snp_1405,1849,148,0.0741
snp_1406,981,1098,0.5281
snp_1407,1012,996,0.4960
snp_1408,0,2007,1.0000
snp_1409,1062,918,0.4636
snp_1410,997,1039,0.5103
snp_1411,923,1049,0.5319
snp_1412,0,2028,1.0000
snp_1413,186,1906,0.9111
snp_1414,1962,40,0.0200
snp_1415,185,1751,0.9044
snp_1416,1970,0,0.0000
snp_1417,0,2040,1.0000
snp_1418,808,1114,0.5796
snp_1419,0,1969,1.0000
snp_1420,1924,129,0.0628
snp_1421,1037,952,0.4786
snp_1422,1003,953,0.4872
snp_1423,1946,50,0.0251
snp_1424,859,1156,0.5737
snp_1425,1936,53,0.0266
snp_1426,1045,951,0.4765
snp_1427,885,1097,0.5535
snp_1428,129,1912,0.9368
snp_1429,874,1144,0.5669
snp_1430,857,1170,0.5772
snp_1431,1818,198,0.0982
snp_1432,982,944,0.4901
snp_1433,1979,0,0.0000
snp_1434,1127,862,0.4334
snp_1435,56,2025,0.9731
snp_1436,177,1862,0.9132
snp_1437,120,1859,0.9394
snp_1438,991,990,0.4997
snp_1439,1132,888,0.4396
snp_1440,1061,910,0.4617
snp_1441,184,1838,0.9090
snp_1442,1876,169,0.0826
snp_1443,910,1097,0.5466
snp_1444,967,989,0.5056
snp_1445,1904,123,0.0607
snp_1446,1013,1035,0.5054
snp_1447,1121,846,0.4301
snp_1448,40,2034,0.9807
snp_1449,129,1928,0.9373
snp_1450,1109,862,0.4373
snp_1451,1176,862,0.4230
snp_1452,841,1165,0.5808
snp_1453,0,2009,1.0000
snp_1454,1033,1004,0.4929
snp_1455,0,2033,1.0000
snp_1456,1208,825,0.4058
snp_1457,829,1133,0.5775
snp_1458,846,1099,0.5650
snp_1459,1077,960,0.4713
snp_1460,163,1831,0.9183
snp_1461,1025,996,0.4928
snp_1462,1914,190,0.0903
snp_1463,166,1799,0.9155
snp_1464,798,1176,0.5957
snp_1465,2014,0,0.0000
snp_1466,886,1133,0.5612
snp_1467,194,1832,0.9042
snp_1468,1883,153,0.0751
snp_1469,166,1766,0.9141
snp_1470,998,979,0.4952
snp_1471,1954,49,0.0245
snp_1472,971,971,0.5000
snp_1473,50,1981,0.9754
snp_1474,1020,966,0.4864
snp_1475,1156,887,0.4342
snp_1476,981,971,0.4974
snp_1477,150,1974,0.9294
snp_1478,1127,839,0.4268
snp_1479,892,1122,0.5571
snp_1480,871,1133,0.5654
snp_1481,178,1865,0.9129
snp_1482,121,1842,0.9384
snp_1483,866,1064,0.5513
snp_1484,1957,0,0.0000
snp_1485,895,1145,0.5613
snp_1486,930,994,0.5166
snp_1487,987,982,0.4987
snp_1488,852,1086,0.5604
snp_1489,1969,0,0.0000
snp_1490,1015,968,0.4881
snp_1491,0,1992,1.0000
snp_1492,49,1929,0.9752
snp_1493,836,1141,0.5771
snp_1494,1909,44,0.0225
snp_1495,863,1117,0.5641
snp_1496,163,1819,0.9178
snp_1497,1008,1020,0.5030
snp_1498,1881,127,0.0632
snp_1499,2007,53,0.0257
snp_1500,970,1005,0.5089
snp_1501,1110,945,0.4599
snp_1502,1983,47,0.0232
snp_1503,179,1822,0.9105
snp_1504,858,1121,0.5664
snp_1505,1945,49,0.0246
snp_1506,1046,933,0.4715
snp_1507,1009,984,0.4937
snp_1508,0,1954,1.0000
snp_1509,961,1115,0.5371
snp_1510,1018,977,0.4897
snp_1511,891,1106,0.5538
snp_1512,0,1963,1.0000
snp_1513,199,1836,0.9022
snp_1514,1856,132,0.0664
snp_1515,186,1777,0.9052
snp_1516,1938,0,0.0000
snp_1517,0,1955,1.0000
snp_1518,960,1051,0.5226
snp_1519,0,1929,1.0000
snp_1520,1858,56,0.0293
snp_1521,1124,836,0.4265
snp_1522,1010,987,0.4942
snp_1523,1867,123,0.0618
snp_1524,996,1069,0.5177
snp_1525,1844,143,0.0720
snp_1526,1166,848,0.4211
snp_1527,932,1054,0.5307
snp_1528,47,1890,0.9757
snp_1529,924,1043,0.5302
snp_1530,943,1050,0.5268
snp_1531,1797,175,0.0887
snp_1532,989,997,0.5020
snp_1533,2106,0,0.0000
snp_1534,1044,966,0.4806
snp_1535,130,1832,0.9337
snp_1536,175,1837,0.9130
snp_1537,49,1957,0.9756
snp_1538,966,949,0.4956
snp_1539,1048,926,0.4691
snp_1540,901,1101,0.5500
snp_1541,196,1793,0.9015
snp_1542,1852,184,0.0904
snp_1543,1091,936,0.4618
snp_1544,1083,1028,0.4870
snp_1545,1999,45,0.0220
snp_1546,1039,1007,0.4922
snp_1547,1054,993,0.4851
snp_1548,143,1852,0.9283
snp_1549,43,1992,0.9789
snp_1550,991,1103,0.5267
snp_1551,1106,875,0.4417
snp_1552,856,1132,0.5694
snp_1553,0,2019,1.0000
snp_1554,907,1011,0.5271
snp_1555,0,2011,1.0000
snp_1556,1124,861,0.4338
snp_1557,911,1116,0.5506
snp_1558,880,1103,0.5562
snp_1559,936,1058,0.5306
snp_1560,172,1887,0.9165
snp_1561,1065,1006,0.4858
snp_1562,1765,192,0.0981
snp_1563,182,1913,0.9131
snp_1564,858,1085,0.5584
snp_1565,1921,0,0.0000
snp_1566,846,1115,0.5686
snp_1567,181,1818,0.9095
snp_1568,1831,159,0.0799
snp_1569,169,1870,0.9171
snp_1570,955,1077,0.5300
snp_1571,2059,0,0.0000
snp_1572,1068,992,0.4816
snp_1573,0,1986,1.0000
snp_1574,1053,984,0.4831
snp_1575,1173,902,0.4347
snp_1576,1080,948,0.4675
snp_1577,184,1855,0.9098
snp_1578,1088,848,0.4380
snp_1579,909,1111,0.5500
snp_1580,831,1062,0.5610
snp_1581,169,1794,0.9139
snp_1582,191,1894,0.9084
snp_1583,875,1075,0.5513
snp_1584,2042,0,0.0000
snp_1585,865,1071,0.5532
snp_1586,1013,953,0.4847
snp_1587,993,1070,0.5187
snp_1588,898,1123,0.5557
snp_1589,1979,0,0.0000
snp_1590,940,1030,0.5228
snp_1591,0,2066,1.0000
snp_1592,0,2055,1.0000
snp_1593,889,1141,0.5621
snp_1594,2007,0,0.0000
snp_1595,862,1146,0.5707
snp_1596,191,1807,0.9044
snp_1597,962,1100,0.5335
snp_1598,1837,189,0.0933
snp_1599,1989,0,0.0000
snp_1600,1027,938,0.4774
snp_1601,1094,825,0.4299
snp_1602,1947,48,0.0241
snp_1603,201,1836,0.9013
snp_1604,974,1012,0.5096
snp_1605,1978,51,0.0251
snp_1606,1035,1009,0.4936
snp_1607,1112,960,0.4633
snp_1608,0,2026,1.0000
snp_1609,978,1058,0.5196
snp_1610,845,1108,0.5673
snp_1611,915,1068,0.5386
snp_1612,0,2019,1.0000
snp_1613,185,1861,0.9096
snp_1614,1894,127,0.0628
snp_1615,180,1841,0.9109
snp_1616,1950,0,0.0000
snp_1617,0,2066,1.0000
snp_1618,830,1124,0.5752
snp_1619,0,2020,1.0000
snp_1620,1976,40,0.0198
snp_1621,1060,944,0.4711
snp_1622,893,1075,0.5462
snp_1623,1838,124,0.0632
snp_1624,889,1103,0.5537
snp_1625,1891,131,0.0648
snp_1626,1024,918,0.4727
snp_1627,923,1138,0.5522
snp_1628,54,1917,0.9726
snp_1629,878,1067,0.5486
snp_1630,836,1111,0.5706
snp_1631,1789,180,0.0914
snp_1632,1075,929,0.4636
snp_1633,2061,0,0.0000
snp_1634,1117,846,0.4310
snp_1635,129,1918,0.9370
snp_1636,182,1851,0.9105
snp_1637,49,1939,0.9754
snp_1638,942,1114,0.5418
snp_1639,1160,891,0.4344
snp_1640,978,1072,0.5229
snp_1641,201,1783,0.8987
snp_1642,1805,172,0.0870
snp_1643,972,1028,0.5140
snp_1644,933,1053,0.5302
snp_1645,1923,56,0.0283
snp_1646,901,1072,0.5433
snp_1647,1123,845,0.4294
snp_1648,132,1899,0.9350
snp_1649,45,1945,0.9774
snp_1650,1003,1053,0.5122
snp_1651,1006,921,0.4779
snp_1652,1001,1089,0.5211
snp_1653,0,1979,1.0000
snp_1654,866,1118,0.5635
snp_1655,0,2064,1.0000
snp_1656,1057,974,0.4796
snp_1657,937,1051,0.5287
snp_1658,1048,882,0.4570
snp_1659,1060,1033,0.4935
snp_1660,174,1787,0.9113
snp_1661,1116,868,0.4375
snp_1662,1877,158,0.0776
snp_1663,181,1752,0.9064
snp_1664,950,1043,0.5233
snp_1665,2015,0,0.0000
snp_1666,1109,935,0.4574
snp_1667,174,1815,0.9125
snp_1668,2006,53,0.0257
snp_1669,188,1796,0.9052
snp_1670,846,1131,0.5721
snp_1671,1856,129,0.0650
snp_1672,1117,896,0.4451
snp_1673,136,1881,0.9326
snp_1674,1123,865,0.4351
snp_1675,910,1027,0.5302
snp_1676,1137,857,0.4298
snp_1677,54,1969,0.9733
snp_1678,927,1073,0.5365
snp_1679,1104,918,0.4540
snp_1680,1068,978,0.4780
snp_1681,192,1841,0.9056
snp_1682,56,1963,0.9723
snp_1683,1078,907,0.4569
snp_1684,1955,0,0.0000
snp_1685,1145,915,0.4442
snp_1686,1151,886,0.4350
snp_1687,850,1105,0.5652
snp_1688,1102,885,0.4454
snp_1689,2025,0,0.0000
snp_1690,901,1159,0.5626
snp_1691,0,1964,1.0000
snp_1692,113,1885,0.9434
snp_1693,979,1030,0.5127
snp_1694,1942,134,0.0645
snp_1695,1104,869,0.4404
snp_1696,182,1801,0.9082
snp_1697,863,1117,0.5641
snp_1698,1950,47,0.0235
snp_1699,1874,147,0.0727
snp_1700,1162,887,0.4329
snp_1701,1183,904,0.4332
snp_1702,2002,0,0.0000
snp_1703,183,1819,0.9086
snp_1704,964,1009,0.5114
snp_1705,2034,0,0.0000
snp_1706,1069,910,0.4598
snp_1707,1135,899,0.4420
snp_1708,0,2082,1.0000
snp_1709,1004,1080,0.5182
snp_1710,864,1176,0.5765
snp_1711,954,1051,0.5242
snp_1712,0,1918,1.0000
snp_1713,185,1835,0.9084
snp_1714,1823,179,0.0894
snp_1715,195,1825,0.9035
snp_1716,2050,0,0.0000
snp_1717,0,2091,1.0000
snp_1718,856,1080,0.5579
snp_1719,0,2039,1.0000
snp_1720,2078,0,0.0000
snp_1721,1086,921,0.4589
snp_1722,881,1156,0.5675
snp_1723,1824,177,0.0885
snp_1724,918,1112,0.5478
snp_1725,1856,167,0.0826
snp_1726,998,951,0.4879
snp_1727,892,1073,0.5461
snp_1728,0,1946,1.0000
snp_1729,877,1150,0.5673
snp_1730,876,1084,0.5531
snp_1731,1843,196,0.0961
snp_1732,1156,909,0.4402
snp_1733,1959,0,0.0000
snp_1734,1147,868,0.4308
snp_1735,173,1829,0.9136
snp_1736,175,1863,0.9141
snp_1737,0,1972,1.0000
snp_1738,927,1143,0.5522
snp_1739,1096,865,0.4411
snp_1740,968,1094,0.5306
snp_1741,187,1832,0.9074
snp_1742,1810,161,0.0817
snp_1743,1103,928,0.4569
snp_1744,845,1137,0.5737
snp_1745,1960,0,0.0000
snp_1746,821,1104,0.5735
snp_1747,1179,874,0.4257
snp_1748,195,1875,0.9058
snp_1749,0,2006,1.0000
snp_1750,908,1023,0.5298
snp_1751,1025,939,0.4781
snp_1752,976,1080,0.5253
snp_1753,0,2020,1.0000
snp_1754,888,1146,0.5634
snp_1755,0,2053,1.0000
snp_1756,1012,944,0.4826
snp_1757,968,1116,0.5355
snp_1758,1089,883,0.4478
snp_1759,1103,956,0.4643
snp_1760,184,1847,0.9094
snp_1761,1142,846,0.4256
snp_1762,1833,176,0.0876
snp_1763,176,1786,0.9103
snp_1764,936,992,0.5145
snp_1765,1996,0,0.0000
snp_1766,1128,868,0.4349
snp_1767,189,1872,0.9083
snp_1768,1915,0,0.0000
snp_1769,181,1836,0.9103
snp_1770,885,1093,0.5526
snp_1771,1818,186,0.0928
snp_1772,1174,879,0.4282
snp_1773,173,1829,0.9136
snp_1774,1150,863,0.4287
snp_1775,901,1178,0.5666
snp_1776,1133,901,0.4430
snp_1777,0,1970,1.0000
snp_1778,867,1157,0.5716
snp_1779,1105,857,0.4368
snp_1780,1099,904,0.4513
snp_1781,179,1745,0.9070
snp_1782,0,1994,1.0000
snp_1783,1039,901,0.4644
snp_1784,2002,0,0.0000
snp_1785,1176,888,0.4302
snp_1786,1083,876,0.4472
snp_1787,857,1169,0.5770
snp_1788,1092,860,0.4406
snp_1789,1966,0,0.0000
snp_1790,860,1101,0.5614
snp_1791,0,1947,1.0000
snp_1792,174,1841,0.9136
snp_1793,994,1048,0.5132
snp_1794,1840,179,0.0887
snp_1795,1203,919,0.4331
snp_1796,201,1801,0.8996
snp_1797,849,1172,0.5799
snp_1798,2035,0,0.0000
snp_1799,1880,197,0.0948
snp_1800,1101,850,0.4357
snp_1801,1047,985,0.4847
snp_1802,1834,137,0.0695
snp_1803,175,1827,0.9126
snp_1804,845,1104,0.5664
snp_1805,1751,128,0.0681
snp_1806,969,992,0.5059
snp_1807,935,1158,0.5533
snp_1808,0,1956,1.0000
snp_1809,1046,1000,0.4888
snp_1810,1067,910,0.4603
snp_1811,851,1126,0.5695
snp_1812,0,1984,1.0000
snp_1813,194,1781,0.9018
snp_1814,1963,42,0.0209
snp_1815,166,1817,0.9163
snp_1816,1982,0,0.0000
snp_1817,0,2016,1.0000
snp_1818,938,973,0.5092
snp_1819,0,2009,1.0000
snp_1820,1865,115,0.0581
snp_1821,1122,889,0.4421
snp_1822,1096,974,0.4705
snp_1823,1951,46,0.0230
snp_1824,928,1092,0.5406
snp_1825,1989,47,0.0231
snp_1826,1118,850,0.4319
snp_1827,930,1068,0.5345
snp_1828,159,1839,0.9204
snp_1829,942,1046,0.5262
snp_1830,993,1086,0.5224
snp_1831,1799,157,0.0803
snp_1832,948,1107,0.5387
snp_1833,2008,0,0.0000
snp_1834,1071,958,0.4722
snp_1835,36,1937,0.9818
snp_1836,189,1775,0.9038
snp_1837,148,1872,0.9267
snp_1838,1135,926,0.4493
snp_1839,1035,945,0.4773
snp_1840,993,982,0.4972
snp_1841,182,1761,0.9063
snp_1842,1713,196,0.1027
snp_1843,984,981,0.4992
snp_1844,1056,936,0.4699
snp_1845,1861,129,0.0648
snp_1846,1088,926,0.4598
snp_1847,1012,925,0.4775
snp_1848,38,1887,0.9803
snp_1849,130,1885,0.9355
snp_1850,1047,990,0.4860
snp_1851,1046,954,0.4770
snp_1852,958,1022,0.5162
snp_1853,0,1992,1.0000
snp_1854,885,1126,0.5599
snp_1855,0,1842,1.0000
snp_1856,1087,1011,0.4819
snp_1857,996,1083,0.5209
snp_1858,968,1002,0.5086
snp_1859,941,1112,0.5416
snp_1860,191,1811,0.9046
snp_1861,1216,929,0.4331
snp_1862,1812,203,0.1007
snp_1863,182,1828,0.9095
snp_1864,911,1049,0.5352
snp_1865,2030,0,0.0000
snp_1866,965,958,0.4982
snp_1867,189,1806,0.9053
snp_1868,1932,123,0.0599
snp_1869,172,1894,0.9167
snp_1870,897,1131,0.5577
snp_1871,1906,61,0.0310
snp_1872,1111,837,0.4297
snp_1873,54,1983,0.9735
snp_1874,1135,911,0.4453
snp_1875,1003,1009,0.5015
snp_1876,1098,883,0.4457
snp_1877,123,1836,0.9372
snp_1878,965,1007,0.5106
snp_1879,1018,1014,0.4990
snp_1880,980,977,0.4992
snp_1881,187,1828,0.9072
snp_1882,136,1791,0.9294
snp_1883,1030,996,0.4916
snp_1884,1953,0,0.0000
snp_1885,959,964,0.5013
snp_1886,1107,908,0.4506
snp_1887,852,1113,0.5664
snp_1888,1030,965,0.4837
snp_1889,2015,0,0.0000
snp_1890,884,1172,0.5700
snp_1891,0,2064,1.0000
snp_1892,53,2025,0.9745
snp_1893,938,1036,0.5248
snp_1894,1995,52,0.0254
snp_1895,1057,981,0.4814
snp_1896,182,1806,0.9085
snp_1897,900,1189,0.5692
snp_1898,1870,114,0.0575
snp_1899,1967,54,0.0267
snp_1900,1106,871,0.4406
snp_1901,1053,964,0.4779
snp_1902,1994,0,0.0000
snp_1903,186,1834,0.9079
snp_1904,844,1100,0.5658
snp_1905,1967,0,0.0000
snp_1906,1082,841,0.4373
snp_1907,1023,941,0.4791
snp_1908,0,1989,1.0000
snp_1909,862,1124,0.5660
snp_1910,984,1034,0.5124
snp_1911,833,1129,0.5754
snp_1912,0,2028,1.0000
snp_1913,183,1735,0.9046
snp_1914,1891,163,0.0794
snp_1915,164,1835,0.9180
snp_1916,2018,0,0.0000
snp_1917,0,2011,1.0000
snp_1918,1011,1024,0.5032
snp_1919,0,2017,1.0000
snp_1920,1945,0,0.0000
snp_1921,1133,884,0.4383
snp_1922,939,1037,0.5248
snp_1923,1774,177,0.0907
snp_1924,967,1069,0.5250
snp_1925,1745,181,0.0940
snp_1926,1128,863,0.4335
snp_1927,949,1034,0.5214
snp_1928,0,2047,1.0000
snp_1929,991,1126,0.5319
snp_1930,894,1032,0.5358
snp_1931,1837,189,0.0933
snp_1932,1053,904,0.4619
snp_1933,2008,0,0.0000
snp_1934,1030,950,0.4798
snp_1935,167,1881,0.9185
snp_1936,208,1814,0.8971
snp_1937,0,1943,1.0000
snp_1938,950,1097,0.5359
snp_1939,1040,928,0.4715
snp_1940,861,1098,0.5605
snp_1941,165,1848,0.9180
snp_1942,1839,181,0.0896
snp_1943,1111,910,0.4503
snp_1944,980,1124,0.5342
snp_1945,1977,0,0.0000
snp_1946,994,1063,0.5168
snp_1947,1049,920,0.4672
snp_1948,179,1858,0.9121
snp_1949,0,2070,1.0000
snp_1950,882,1086,0.5518
snp_1951,1105,818,0.4254
snp_1952,852,1142,0.5727
snp_1953,0,2032,1.0000
snp_1954,971,1084,0.5275
snp_1955,0,2037,1.0000
snp_1956,1102,862,0.4389
snp_1957,848,1157,0.5771
snp_1958,893,1080,0.5474
snp_1959,995,988,0.4982
snp_1960,185,1816,0.9075
snp_1961,1073,935,0.4656
snp_1962,1784,159,0.0818
snp_1963,185,1814,0.9075
snp_1964,877,1097,0.5557
snp_1965,1992,0,0.0000
snp_1966,885,1084,0.5505
snp_1967,167,1835,0.9166
snp_1968,1850,150,0.0750
snp_1969,176,1796,0.9108
snp_1970,912,1036,0.5318
snp_1971,2021,38,0.0185
snp_1972,1026,906,0.4689
snp_1973,49,1917,0.9751
snp_1974,1022,938,0.4786
snp_1975,1106,984,0.4708
snp_1976,1109,942,0.4593
snp_1977,134,1849,0.9324
snp_1978,1078,896,0.4539
snp_1979,932,1061,0.5324
snp_1980,912,1036,0.5318
snp_1981,193,1732,0.8997
snp_1982,146,1872,0.9277
snp_1983,862,1006,0.5385
snp_1984,2015,0,0.0000
snp_1985,908,1058,0.5381
snp_1986,1041,966,0.4813
snp_1987,953,1027,0.5187
snp_1988,910,1051,0.5360
snp_1989,1974,0,0.0000
snp_1990,935,1072,0.5341
snp_1991,0,1963,1.0000
snp_1992,53,1926,0.9732
snp_1993,878,1135,0.5638
snp_1994,1977,46,0.0227
snp_1995,941,1087,0.5360
snp_1996,192,1762,0.9017
snp_1997,963,1049,0.5214
snp_1998,1871,144,0.0715
snp_1999,1907,49,0.0251
snp_2000,995,925,0.4818
